Your Word,Beats Word
Feather,Smoke
Feather,Ash
Feather,Dust
Feather,Balloon
Feather,Bubble
Coal,Ice
Coal,Snow
Coal,Cold
Coal,Frost
Pebble,Ant
Pebble,Insect
Pebble,Glass
Pebble,Egg
Leaf,Dew
Leaf,Worm
Leaf,Raindrop
Paper,Rock
Paper,Note
Paper,Fly
Paper,Spider
Rock,Scissors
Rock,Cup
Rock,Mirror
Rock,Vase
Water,Fire
Water,Ashes
Water,Smoke
Water,Mud
Water,Thirst
Twig,Insect
Twig,String
Twig,Feather
Twig,Thread
Sword,Rope
Sword,Stick
Sword,Cloth
Sword,Shield
Shield,Arrow
Shield,Stone
Shield,Spear
Shield,Blow
Gun,Lion
Gun,Beast
Gun,Soldier
Gun,Bandit
Flame,Web
Flame,Hay
Flame,Oil
Flame,Scroll
Flame,Cloth
Rope,Beast
Rope,Door
Rope,Prisoner
Rope,Horse
Disease,Health
Disease,Soldier
Disease,Weak
Disease,Plant
Cure,Virus
Cure,Plague
Cure,Bacteria
Cure,Infection
Bacteria,Wound
Bacteria,Cut
Bacteria,Stomach
Bacteria,Leaf
Shadow,Lightbulb
Shadow,Candle
Shadow,Flame
Light,Darkness
Light,Ghost
Light,Shadow
Virus,File
Virus,Program
Virus,Phone
Virus,App
Sound,Silence
Sound,Scream
Sound,Whisper
Sound,Echo
Time,Memory
Time,Past
Time,Plan
Time,Calendar
Fate,Choice
Fate,Plan
Fate,Intention
Earthquake,Building
Earthquake,House
Earthquake,Bridge
Earthquake,Road
Storm,Sailboat
Storm,Tent
Storm,Picnic
Storm,Festival
Vaccine,Plague
Vaccine,Disease
Vaccine,Infection
Vaccine,Cough
Logic,Emotion
Logic,Belief
Logic,Myth
Logic,Fear
Gravity,Bird
Gravity,Ball
Gravity,Feather
Gravity,Satellite
Robots,Task
Robots,Job
Robots,Servant
Robots,Worker
Stone,Egg
Stone,Insect
Stone,Glass
Echo,Sound
Echo,Whisper
Echo,Call
Thunder,Shout
Thunder,Alarm
Thunder,Whisper
Karma,Crime
Karma,Lie
Karma,Ego
Wind,Candle
Wind,Smoke
Wind,Umbrella
Wind,Feather
Ice,Lava
Ice,Heat
Ice,Flame
Ice,Fire
Sandstorm,Tent
Sandstorm,Caravan
Sandstorm,Camel
Laser,Mirror
Laser,Glass
Laser,Eye
Laser,Darkness
Magma,Ice
Magma,Cave
Magma,Tree
Peace,War
Peace,Violence
Peace,Anger
Peace,Revenge
Explosion,Wall
Explosion,Building
Explosion,Tank
War,Kingdom
War,Army
War,Peace
Enlightenment,Ignorance
Enlightenment,Doubt
Enlightenment,Confusion
Nuclear Bomb,City
Nuclear Bomb,Tank
Nuclear Bomb,Soldier
Volcano,Village
Volcano,Forest
Volcano,Road
Whale,Shark
Whale,Fish
Whale,Boat
Earth,Seed
Earth,Plant
Earth,Burial
Moon,Tide
Moon,Night
Moon,Wolf
Star,Wish
Star,Dream
Star,Night
Tsunami,Boat
Tsunami,Port
Tsunami,Village
Tsunami,Camp
Supernova,Planet
Supernova,Satellite
Supernova,Asteroid
Antimatter,Matter
Antimatter,Atom
Antimatter,Mass
Plague,City
Plague,Village
Plague,Crowd
Rebirth,Death
Rebirth,Grief
Rebirth,Loss
Tectonic Shift,Mountain
Tectonic Shift,Plate
Tectonic Shift,Fault
Gamma-Ray Burst,Spaceship
Gamma-Ray Burst,Satellite
Human Spirit,Fear
Human Spirit,Despair
Human Spirit,Darkness
Apocalyptic Meteor,Earth
Apocalyptic Meteor,Civilization
Apocalyptic Meteor,Ocean
Earth’s Core,Mine
Earth’s Core,Tunnel
Earth’s Core,Drill
Neutron Star,Comet
Neutron Star,Asteroid
Neutron Star,Probe
Supermassive Black Hole,Galaxy
Supermassive Black Hole,Star
Supermassive Black Hole,Time
Entropy,Order
Entropy,Structure
Entropy,Law
